"images.alt","images.src","images.text","index","url"
"Product Details","http://ecx.images-amazon.com/images/I/41PS6nLtWVL._SL246_SX190_CR0,0,190,246_.jpg","","1","http://www.amazon.com/s/ref=nb_sb_noss_2?url=search-alias%3Daps&field-keywords=jeans"
"Product Details","http://ecx.images-amazon.com/images/I/41jAiix-3hL._SL246_SX190_CR0,0,190,246_.jpg","","2","http://www.amazon.com/s/ref=nb_sb_noss_2?url=search-alias%3Daps&field-keywords=jeans"
"Product Details","http://ecx.images-amazon.com/images/I/41T+HZfQPsL._SL246_SX190_CR0,0,190,246_.jpg","","3","http://www.amazon.com/s/ref=nb_sb_noss_2?url=search-alias%3Daps&field-keywords=jeans"
"Product Details","http://ecx.images-amazon.com/images/I/41bQvVA8niL._SL246_SX190_CR0,0,190,246_.jpg","","4","http://www.amazon.com/s/ref=nb_sb_noss_2?url=search-alias%3Daps&field-keywords=jeans"
"Product Details","http://ecx.images-amazon.com/images/I/41+QmV0qpgL._SL246_SX190_CR0,0,190,246_.jpg","","5","http://www.amazon.com/s/ref=nb_sb_noss_2?url=search-alias%3Daps&field-keywords=jeans"
"Product Details","http://ecx.images-amazon.com/images/I/41nlIQVjxPL._SL246_SX190_CR0,0,190,246_.jpg","","6","http://www.amazon.com/s/ref=nb_sb_noss_2?url=search-alias%3Daps&field-keywords=jeans"
"Product Details","http://ecx.images-amazon.com/images/I/41vG4aZu01L._SL246_SX190_CR0,0,190,246_.jpg","","7","http://www.amazon.com/s/ref=nb_sb_noss_2?url=search-alias%3Daps&field-keywords=jeans"
"Product Details","http://ecx.images-amazon.com/images/I/31HR6yM9+dL._SL246_SX190_CR0,0,190,246_.jpg","","8","http://www.amazon.com/s/ref=nb_sb_noss_2?url=search-alias%3Daps&field-keywords=jeans"
"Product Details","http://ecx.images-amazon.com/images/I/41a2ew-yx6L._SL246_SX190_CR0,0,190,246_.jpg","","9","http://www.amazon.com/s/ref=nb_sb_noss_2?url=search-alias%3Daps&field-keywords=jeans"
"Product Details","http://ecx.images-amazon.com/images/I/41e3n4R8cUL._SL246_SX190_CR0,0,190,246_.jpg","","10","http://www.amazon.com/s/ref=nb_sb_noss_2?url=search-alias%3Daps&field-keywords=jeans"
"Product Details","http://ecx.images-amazon.com/images/I/41BuAlCVpzL._SL246_SX190_CR0,0,190,246_.jpg","","11","http://www.amazon.com/s/ref=nb_sb_noss_2?url=search-alias%3Daps&field-keywords=jeans"
"Product Details","http://ecx.images-amazon.com/images/I/41hMJ6tJzHL._SL246_SX190_CR0,0,190,246_.jpg","","12","http://www.amazon.com/s/ref=nb_sb_noss_2?url=search-alias%3Daps&field-keywords=jeans"
"Product Details","http://ecx.images-amazon.com/images/I/417D8drE+mL._SL246_SX190_CR0,0,190,246_.jpg","","13","http://www.amazon.com/s/ref=nb_sb_noss_2?url=search-alias%3Daps&field-keywords=jeans"
"Product Details","http://ecx.images-amazon.com/images/I/41R8M4LnL0L._SL246_SX190_CR0,0,190,246_.jpg","","14","http://www.amazon.com/s/ref=nb_sb_noss_2?url=search-alias%3Daps&field-keywords=jeans"
"Product Details","http://ecx.images-amazon.com/images/I/414s9778w3L._SL246_SX190_CR0,0,190,246_.jpg","","15","http://www.amazon.com/s/ref=nb_sb_noss_2?url=search-alias%3Daps&field-keywords=jeans"
"Product Details","http://ecx.images-amazon.com/images/I/41IM7a59PZL._SL246_SX190_CR0,0,190,246_.jpg","","16","http://www.amazon.com/s/ref=nb_sb_noss_2?url=search-alias%3Daps&field-keywords=jeans"
"Product Details","http://ecx.images-amazon.com/images/I/41OLl37DzQL._SL246_SX190_CR0,0,190,246_.jpg","","17","http://www.amazon.com/s/ref=nb_sb_noss_2?url=search-alias%3Daps&field-keywords=jeans"
"Product Details","http://ecx.images-amazon.com/images/I/41jMRDGL7tL._SL246_SX190_CR0,0,190,246_.jpg","","18","http://www.amazon.com/s/ref=nb_sb_noss_2?url=search-alias%3Daps&field-keywords=jeans"
"Product Details","http://ecx.images-amazon.com/images/I/41EdiemazcL._SL246_SX190_CR0,0,190,246_.jpg","","19","http://www.amazon.com/s/ref=nb_sb_noss_2?url=search-alias%3Daps&field-keywords=jeans"
"Product Details","http://ecx.images-amazon.com/images/I/411Xvun5kwL._SL246_SX190_CR0,0,190,246_.jpg","","20","http://www.amazon.com/s/ref=nb_sb_noss_2?url=search-alias%3Daps&field-keywords=jeans"
"Product Details","http://ecx.images-amazon.com/images/I/41L8n8ZjdWL._SL246_SX190_CR0,0,190,246_.jpg","","21","http://www.amazon.com/s/ref=nb_sb_noss_2?url=search-alias%3Daps&field-keywords=jeans"
"Product Details","http://ecx.images-amazon.com/images/I/41mpZZ4YieL._SL246_SX190_CR0,0,190,246_.jpg","","22","http://www.amazon.com/s/ref=nb_sb_noss_2?url=search-alias%3Daps&field-keywords=jeans"
"Product Details","http://ecx.images-amazon.com/images/I/41OLw7lq4VL._SL246_SX190_CR0,0,190,246_.jpg","","23","http://www.amazon.com/s/ref=nb_sb_noss_2?url=search-alias%3Daps&field-keywords=jeans"
"Product Details","http://ecx.images-amazon.com/images/I/41MMOsvHvEL._SL246_SX190_CR0,0,190,246_.jpg","","24","http://www.amazon.com/s/ref=nb_sb_noss_2?url=search-alias%3Daps&field-keywords=jeans"
"Product Details","http://ecx.images-amazon.com/images/I/41syFrmltAL._SL246_SX190_CR0,0,190,246_.jpg","","25","http://www.amazon.com/s/ref=nb_sb_noss_2?url=search-alias%3Daps&field-keywords=jeans"
"Product Details","http://ecx.images-amazon.com/images/I/41P8Z8gItqL._SL246_SX190_CR0,0,190,246_.jpg","","26","http://www.amazon.com/s/ref=nb_sb_noss_2?url=search-alias%3Daps&field-keywords=jeans"
"Product Details","http://ecx.images-amazon.com/images/I/41Kz3oBF3jL._SL246_SX190_CR0,0,190,246_.jpg","","27","http://www.amazon.com/s/ref=nb_sb_noss_2?url=search-alias%3Daps&field-keywords=jeans"
"Product Details","http://ecx.images-amazon.com/images/I/414ocALyVML._SL246_SX190_CR0,0,190,246_.jpg","","28","http://www.amazon.com/s/ref=nb_sb_noss_2?url=search-alias%3Daps&field-keywords=jeans"
"Product Details","http://ecx.images-amazon.com/images/I/41J-JHblz0L._SL246_SX190_CR0,0,190,246_.jpg","","29","http://www.amazon.com/s/ref=nb_sb_noss_2?url=search-alias%3Daps&field-keywords=jeans"
"Product Details","http://ecx.images-amazon.com/images/I/41XkfqXUwZL._SL246_SX190_CR0,0,190,246_.jpg","","30","http://www.amazon.com/s/ref=nb_sb_noss_2?url=search-alias%3Daps&field-keywords=jeans"
"Product Details","http://ecx.images-amazon.com/images/I/31z+Al5nmhL._SL246_SX190_CR0,0,190,246_.jpg","","31","http://www.amazon.com/s/ref=nb_sb_noss_2?url=search-alias%3Daps&field-keywords=jeans"
"Product Details","http://ecx.images-amazon.com/images/I/51PN3xDeIHL._SL246_SX190_CR0,0,190,246_.jpg","","32","http://www.amazon.com/s/ref=nb_sb_noss_2?url=search-alias%3Daps&field-keywords=jeans"
"Product Details","http://ecx.images-amazon.com/images/I/41GLHCIvQKL._SL246_SX190_CR0,0,190,246_.jpg","","33","http://www.amazon.com/s/ref=nb_sb_noss_2?url=search-alias%3Daps&field-keywords=jeans"
"Product Details","http://ecx.images-amazon.com/images/I/41rtSCI5AcL._SL246_SX190_CR0,0,190,246_.jpg","","34","http://www.amazon.com/s/ref=nb_sb_noss_2?url=search-alias%3Daps&field-keywords=jeans"
"Product Details","http://ecx.images-amazon.com/images/I/41NC1cirtgL._SL246_SX190_CR0,0,190,246_.jpg","","35","http://www.amazon.com/s/ref=nb_sb_noss_2?url=search-alias%3Daps&field-keywords=jeans"
"Product Details","http://ecx.images-amazon.com/images/I/41JqS9jzxML._SL246_SX190_CR0,0,190,246_.jpg","","36","http://www.amazon.com/s/ref=nb_sb_noss_2?url=search-alias%3Daps&field-keywords=jeans"
"Product Details","http://ecx.images-amazon.com/images/I/41A4rMqfx9L._SL246_SX190_CR0,0,190,246_.jpg","","37","http://www.amazon.com/s/ref=nb_sb_noss_2?url=search-alias%3Daps&field-keywords=jeans"
"Product Details","http://ecx.images-amazon.com/images/I/41DkU6sDHJL._SL246_SX190_CR0,0,190,246_.jpg","","38","http://www.amazon.com/s/ref=nb_sb_noss_2?url=search-alias%3Daps&field-keywords=jeans"
"Product Details","http://ecx.images-amazon.com/images/I/41JJg1NcNEL._SL246_SX190_CR0,0,190,246_.jpg","","39","http://www.amazon.com/s/ref=nb_sb_noss_2?url=search-alias%3Daps&field-keywords=jeans"
"Product Details","http://ecx.images-amazon.com/images/I/41jcwsr3OtL._SL246_SX190_CR0,0,190,246_.jpg","","40","http://www.amazon.com/s/ref=nb_sb_noss_2?url=search-alias%3Daps&field-keywords=jeans"
"Product Details","http://ecx.images-amazon.com/images/I/41a1o4DSaiL._SL246_SX190_CR0,0,190,246_.jpg","","41","http://www.amazon.com/s/ref=nb_sb_noss_2?url=search-alias%3Daps&field-keywords=jeans"
"Product Details","http://ecx.images-amazon.com/images/I/51wZxTN+23L._SL246_SX190_CR0,0,190,246_.jpg","","42","http://www.amazon.com/s/ref=nb_sb_noss_2?url=search-alias%3Daps&field-keywords=jeans"
"Product Details","http://ecx.images-amazon.com/images/I/41HUK459d7L._SL246_SX190_CR0,0,190,246_.jpg","","43","http://www.amazon.com/s/ref=nb_sb_noss_2?url=search-alias%3Daps&field-keywords=jeans"
"Product Details","http://ecx.images-amazon.com/images/I/412jm8M5mvL._SL246_SX190_CR0,0,190,246_.jpg","","44","http://www.amazon.com/s/ref=nb_sb_noss_2?url=search-alias%3Daps&field-keywords=jeans"
"Product Details","http://ecx.images-amazon.com/images/I/41kVvj-5YXL._SL246_SX190_CR0,0,190,246_.jpg","","45","http://www.amazon.com/s/ref=nb_sb_noss_2?url=search-alias%3Daps&field-keywords=jeans"
"Product Details","http://ecx.images-amazon.com/images/I/51J5XBcW3hL._SL246_SX190_CR0,0,190,246_.jpg","","46","http://www.amazon.com/s/ref=nb_sb_noss_2?url=search-alias%3Daps&field-keywords=hat"
"Product Details","http://ecx.images-amazon.com/images/I/4194Q+YknbL._SL190_SY246_CR0,0,190,246_.jpg","","47","http://www.amazon.com/s/ref=nb_sb_noss_2?url=search-alias%3Daps&field-keywords=hat"
"Product Details","http://ecx.images-amazon.com/images/I/41N3TuZKmiL._SL190_SY246_CR0,0,190,246_.jpg","","48","http://www.amazon.com/s/ref=nb_sb_noss_2?url=search-alias%3Daps&field-keywords=hat"
"Product Details","http://ecx.images-amazon.com/images/I/41paanNqbyL._SL190_CR0,0,190,246_.jpg","","49","http://www.amazon.com/s/ref=nb_sb_noss_2?url=search-alias%3Daps&field-keywords=hat"
"Product Details","http://ecx.images-amazon.com/images/I/51kpS9lkQoL._SL190_SY246_CR0,0,190,246_.jpg","","50","http://www.amazon.com/s/ref=nb_sb_noss_2?url=search-alias%3Daps&field-keywords=hat"
"Product Details","http://ecx.images-amazon.com/images/I/41HmZIc8DlL._SL190_SY246_CR0,0,190,246_.jpg","","51","http://www.amazon.com/s/ref=nb_sb_noss_2?url=search-alias%3Daps&field-keywords=hat"
"Product Details","http://ecx.images-amazon.com/images/I/411O505ML4L._SL190_CR0,0,190,246_.jpg","","52","http://www.amazon.com/s/ref=nb_sb_noss_2?url=search-alias%3Daps&field-keywords=hat"
"Product Details","http://ecx.images-amazon.com/images/I/411PnIap6LL._SL190_CR0,0,190,246_.jpg","","53","http://www.amazon.com/s/ref=nb_sb_noss_2?url=search-alias%3Daps&field-keywords=hat"
"Product Details","http://ecx.images-amazon.com/images/I/51WJ41QpfYL._SL190_SY246_CR0,0,190,246_.jpg","","54","http://www.amazon.com/s/ref=nb_sb_noss_2?url=search-alias%3Daps&field-keywords=hat"
"Product Details","http://ecx.images-amazon.com/images/I/31qgRX-E9qL._SL246_SX190_CR0,0,190,246_.jpg","","55","http://www.amazon.com/s/ref=nb_sb_noss_2?url=search-alias%3Daps&field-keywords=tshirt"
"Product Details","http://ecx.images-amazon.com/images/I/41aReP0qXaL._SL246_SX190_CR0,0,190,246_.jpg","","56","http://www.amazon.com/s/ref=nb_sb_noss_2?url=search-alias%3Daps&field-keywords=tshirt"
"Product Details","http://ecx.images-amazon.com/images/I/31n+5BtnT4L._SL246_SX190_CR0,0,190,246_.jpg","","57","http://www.amazon.com/s/ref=nb_sb_noss_2?url=search-alias%3Daps&field-keywords=dress"
"Product Details","http://ecx.images-amazon.com/images/I/41bSZwDP4sL._SL246_SX190_CR0,0,190,246_.jpg","","58","http://www.amazon.com/s/ref=nb_sb_noss_2?url=search-alias%3Daps&field-keywords=dress"
"Product Details","http://ecx.images-amazon.com/images/I/41xEvDsE9dL._SL246_SX190_CR0,0,190,246_.jpg","","59","http://www.amazon.com/s/ref=nb_sb_noss_2?url=search-alias%3Daps&field-keywords=dress"
"Product Details","http://ecx.images-amazon.com/images/I/31bRwVopDQL._SL246_SX190_CR0,0,190,246_.jpg","","60","http://www.amazon.com/s/ref=nb_sb_noss_2?url=search-alias%3Daps&field-keywords=dress"
"Product Details","http://ecx.images-amazon.com/images/I/41pADLScEnL._SL246_SX190_CR0,0,190,246_.jpg","","61","http://www.amazon.com/s/ref=nb_sb_noss_2?url=search-alias%3Daps&field-keywords=dress"
"Product Details","http://ecx.images-amazon.com/images/I/41zNkO8p2PL._SL246_SX190_CR0,0,190,246_.jpg","","62","http://www.amazon.com/s/ref=nb_sb_noss_2?url=search-alias%3Daps&field-keywords=dress"
"Product Details","http://ecx.images-amazon.com/images/I/31i0f0i29-L._SL246_SX190_CR0,0,190,246_.jpg","","63","http://www.amazon.com/s/ref=nb_sb_noss_2?url=search-alias%3Daps&field-keywords=dress"
"Product Details","http://ecx.images-amazon.com/images/I/41vDP9qycRL._SL246_SX190_CR0,0,190,246_.jpg","","64","http://www.amazon.com/s/ref=nb_sb_noss_2?url=search-alias%3Daps&field-keywords=dress"
"Product Details","http://ecx.images-amazon.com/images/I/41UQudN4EXL._SL246_SX190_CR0,0,190,246_.jpg","","65","http://www.amazon.com/s/ref=nb_sb_noss_2?url=search-alias%3Daps&field-keywords=dress"
"Product Details","http://ecx.images-amazon.com/images/I/416Lq6T27GL._SL246_SX190_CR0,0,190,246_.jpg","","66","http://www.amazon.com/s/ref=nb_sb_noss_2?url=search-alias%3Daps&field-keywords=dress"
"Product Details","http://ecx.images-amazon.com/images/I/31oKY6op0yL._SL246_SX190_CR0,0,190,246_.jpg","","67","http://www.amazon.com/s/ref=nb_sb_noss_2?url=search-alias%3Daps&field-keywords=dress"
"Product Details","http://ecx.images-amazon.com/images/I/31KR85uvk0L._SL246_SX190_CR0,0,190,246_.jpg","","68","http://www.amazon.com/s/ref=nb_sb_noss_2?url=search-alias%3Daps&field-keywords=dress"
"Product Details","http://ecx.images-amazon.com/images/I/41lDbHlARrL._SL246_SX190_CR0,0,190,246_.jpg","","69","http://www.amazon.com/s/ref=nb_sb_noss_2?url=search-alias%3Daps&field-keywords=dress"
"Product Details","http://ecx.images-amazon.com/images/I/31S1e152h4L._SL246_SX190_CR0,0,190,246_.jpg","","70","http://www.amazon.com/s/ref=nb_sb_noss_2?url=search-alias%3Daps&field-keywords=dress"
"Product Details","http://ecx.images-amazon.com/images/I/31gLL+h9uaL._SL246_SX190_CR0,0,190,246_.jpg","","71","http://www.amazon.com/s/ref=nb_sb_noss_2?url=search-alias%3Daps&field-keywords=dress"
"Product Details","http://ecx.images-amazon.com/images/I/31u4nPX542L._SL246_SX190_CR0,0,190,246_.jpg","","72","http://www.amazon.com/s/ref=nb_sb_noss_2?url=search-alias%3Daps&field-keywords=dress"
"Product Details","http://ecx.images-amazon.com/images/I/31PgYIJHsrL._SL246_SX190_CR0,0,190,246_.jpg","","73","http://www.amazon.com/s/ref=nb_sb_noss_2?url=search-alias%3Daps&field-keywords=dress"
"Product Details","http://ecx.images-amazon.com/images/I/31Erwn+yDZL._SL246_SX190_CR0,0,190,246_.jpg","","74","http://www.amazon.com/s/ref=nb_sb_noss_2?url=search-alias%3Daps&field-keywords=dress"
"Product Details","http://ecx.images-amazon.com/images/I/41ywBjKG9aL._SL246_SX190_CR0,0,190,246_.jpg","","75","http://www.amazon.com/s/ref=nb_sb_noss_2?url=search-alias%3Daps&field-keywords=dress"
"Product Details","http://ecx.images-amazon.com/images/I/41r-WO3OwnL._SL246_SX190_CR0,0,190,246_.jpg","","76","http://www.amazon.com/s/ref=nb_sb_noss_2?url=search-alias%3Daps&field-keywords=dress"
"Product Details","http://ecx.images-amazon.com/images/I/31neThnmxtL._SL246_SX190_CR0,0,190,246_.jpg","","77","http://www.amazon.com/s/ref=nb_sb_noss_2?url=search-alias%3Daps&field-keywords=dress"
"Product Details","http://ecx.images-amazon.com/images/I/41LvHnUC8fL._SL246_SX190_CR0,0,190,246_.jpg","","78","http://www.amazon.com/s/ref=nb_sb_noss_2?url=search-alias%3Daps&field-keywords=dress"
"Product Details","http://ecx.images-amazon.com/images/I/417okJo3K1L._SL246_SX190_CR0,0,190,246_.jpg","","79","http://www.amazon.com/s/ref=nb_sb_noss_2?url=search-alias%3Daps&field-keywords=dress"
"Product Details","http://ecx.images-amazon.com/images/I/312hGWn10pL._SL246_SX190_CR0,0,190,246_.jpg","","80","http://www.amazon.com/s/ref=nb_sb_noss_2?url=search-alias%3Daps&field-keywords=dress"
"Product Details","http://ecx.images-amazon.com/images/I/51o1w6AOPmL._SL246_SX190_CR0,0,190,246_.jpg","","81","http://www.amazon.com/s/ref=nb_sb_noss_2?url=search-alias%3Daps&field-keywords=dress"
"Product Details","http://ecx.images-amazon.com/images/I/41lVVMcd5eL._SL246_SX190_CR0,0,190,246_.jpg","","82","http://www.amazon.com/s/ref=nb_sb_noss_2?url=search-alias%3Daps&field-keywords=dress"
"Product Details","http://ecx.images-amazon.com/images/I/31DiSWgbk6L._SL246_SX190_CR0,0,190,246_.jpg","","83","http://www.amazon.com/s/ref=nb_sb_noss_2?url=search-alias%3Daps&field-keywords=dress"
"Product Details","http://ecx.images-amazon.com/images/I/41l+TtoHNlL._SL246_SX190_CR0,0,190,246_.jpg","","84","http://www.amazon.com/s/ref=nb_sb_noss_2?url=search-alias%3Daps&field-keywords=dress"
"Product Details","http://ecx.images-amazon.com/images/I/41bK2dPlhOL._SL246_SX190_CR0,0,190,246_.jpg","","85","http://www.amazon.com/s/ref=nb_sb_noss_2?url=search-alias%3Daps&field-keywords=dress"
"Product Details","http://ecx.images-amazon.com/images/I/41u6nENWz6L._SL246_SX190_CR0,0,190,246_.jpg","","86","http://www.amazon.com/s/ref=nb_sb_noss_2?url=search-alias%3Daps&field-keywords=dress"
"Product Details","http://ecx.images-amazon.com/images/I/31fauvyPbZL._SL246_SX190_CR0,0,190,246_.jpg","","87","http://www.amazon.com/s/ref=nb_sb_noss_2?url=search-alias%3Daps&field-keywords=dress"
"Product Details","http://ecx.images-amazon.com/images/I/31mf+FDhguL._SL246_SX190_CR0,0,190,246_.jpg","","88","http://www.amazon.com/s/ref=nb_sb_noss_2?url=search-alias%3Daps&field-keywords=dress"
"Product Details","http://ecx.images-amazon.com/images/I/41CfLUcy7IL._SL246_SX190_CR0,0,190,246_.jpg","","89","http://www.amazon.com/s/ref=nb_sb_noss_2?url=search-alias%3Daps&field-keywords=dress"
"Product Details","http://ecx.images-amazon.com/images/I/416FgqihVTL._SL246_SX190_CR0,0,190,246_.jpg","","90","http://www.amazon.com/s/ref=nb_sb_noss_2?url=search-alias%3Daps&field-keywords=dress"
"Product Details","http://ecx.images-amazon.com/images/I/31LF+0G7EOL._SL246_SX190_CR0,0,190,246_.jpg","","91","http://www.amazon.com/s/ref=nb_sb_noss_2?url=search-alias%3Daps&field-keywords=dress"
"Product Details","http://ecx.images-amazon.com/images/I/41xr66fLU4L._SL246_SX190_CR0,0,190,246_.jpg","","92","http://www.amazon.com/s/ref=nb_sb_noss_2?url=search-alias%3Daps&field-keywords=dress"
"Product Details","http://ecx.images-amazon.com/images/I/31oGACkY3mL._SL246_SX190_CR0,0,190,246_.jpg","","93","http://www.amazon.com/s/ref=nb_sb_noss_2?url=search-alias%3Daps&field-keywords=dress"
"Product Details","http://ecx.images-amazon.com/images/I/419ygpAB6fL._SL246_SX190_CR0,0,190,246_.jpg","","94","http://www.amazon.com/s/ref=nb_sb_noss_2?url=search-alias%3Daps&field-keywords=dress"
"Product Details","http://ecx.images-amazon.com/images/I/41j7nApfdEL._SL246_SX190_CR0,0,190,246_.jpg","","95","http://www.amazon.com/s/ref=nb_sb_noss_2?url=search-alias%3Daps&field-keywords=dress"
"Product Details","http://ecx.images-amazon.com/images/I/41Y3BHOlCVL._SL246_SX190_CR0,0,190,246_.jpg","","96","http://www.amazon.com/s/ref=nb_sb_noss_2?url=search-alias%3Daps&field-keywords=dress"
"Product Details","http://ecx.images-amazon.com/images/I/41MSPMdfhxL._SL246_SX190_CR0,0,190,246_.jpg","","97","http://www.amazon.com/s/ref=nb_sb_noss_2?url=search-alias%3Daps&field-keywords=dress"
"Product Details","http://ecx.images-amazon.com/images/I/31675g33bqL._SL246_SX190_CR0,0,190,246_.jpg","","98","http://www.amazon.com/s/ref=nb_sb_noss_2?url=search-alias%3Daps&field-keywords=dress"
"Product Details","http://ecx.images-amazon.com/images/I/41tNG++6syL._SL246_SX190_CR0,0,190,246_.jpg","","99","http://www.amazon.com/s/ref=nb_sb_noss_2?url=search-alias%3Daps&field-keywords=dress"
"Product Details","http://ecx.images-amazon.com/images/I/41C9QmCzNPL._SL190_SY246_CR0,0,190,246_.jpg","","100","http://www.amazon.com/s/ref=nb_sb_noss_2?url=search-alias%3Daps&field-keywords=shoes"
"Product Details","http://ecx.images-amazon.com/images/I/41La+f8ZmEL._SL190_CR0,0,190,246_.jpg","","101","http://www.amazon.com/s/ref=nb_sb_noss_2?url=search-alias%3Daps&field-keywords=shoes"
"Product Details","http://ecx.images-amazon.com/images/I/41jpG6Y7wEL._SL190_SY246_CR0,0,190,246_.jpg","","102","http://www.amazon.com/s/ref=nb_sb_noss_2?url=search-alias%3Daps&field-keywords=shoes"
"Product Details","http://ecx.images-amazon.com/images/I/51X+x6C4bEL._SL190_SY246_CR0,0,190,246_.jpg","","103","http://www.amazon.com/s/ref=nb_sb_noss_2?url=search-alias%3Daps&field-keywords=shoes"
"Product Details","http://ecx.images-amazon.com/images/I/41xO13YSfNL._SL190_SY246_CR0,0,190,246_.jpg","","104","http://www.amazon.com/s/ref=nb_sb_noss_2?url=search-alias%3Daps&field-keywords=shoes"
"Product Details","http://ecx.images-amazon.com/images/I/41bJDwlRd+L._SL190_SY246_CR0,0,190,246_.jpg","","105","http://www.amazon.com/s/ref=nb_sb_noss_2?url=search-alias%3Daps&field-keywords=shoes"
"Product Details","http://ecx.images-amazon.com/images/I/41PAKWGHlUL._SL190_SY246_CR0,0,190,246_.jpg","","106","http://www.amazon.com/s/ref=nb_sb_noss_2?url=search-alias%3Daps&field-keywords=shoes"
"Product Details","http://ecx.images-amazon.com/images/I/41m01pMTN1L._SL190_CR0,0,190,246_.jpg","","107","http://www.amazon.com/s/ref=nb_sb_noss_2?url=search-alias%3Daps&field-keywords=shoes"
"Product Details","http://ecx.images-amazon.com/images/I/41NXR0bDUwL._SL190_SY246_CR0,0,190,246_.jpg","","108","http://www.amazon.com/s/ref=nb_sb_noss_2?url=search-alias%3Daps&field-keywords=shoes"
"Product Details","http://ecx.images-amazon.com/images/I/41B34tf85PL._SL190_SY246_CR0,0,190,246_.jpg","","109","http://www.amazon.com/s/ref=nb_sb_noss_2?url=search-alias%3Daps&field-keywords=shoes"
"Product Details","http://ecx.images-amazon.com/images/I/51K50oWRJ9L._SL190_SY246_CR0,0,190,246_.jpg","","110","http://www.amazon.com/s/ref=nb_sb_noss_2?url=search-alias%3Daps&field-keywords=shoes"
"Product Details","http://ecx.images-amazon.com/images/I/51yjLsR87sL._SL190_SY246_CR0,0,190,246_.jpg","","111","http://www.amazon.com/s/ref=nb_sb_noss_2?url=search-alias%3Daps&field-keywords=shoes"
"Product Details","http://ecx.images-amazon.com/images/I/41pqTXoFU+L._SL190_CR0,0,190,246_.jpg","","112","http://www.amazon.com/s/ref=nb_sb_noss_2?url=search-alias%3Daps&field-keywords=shoes"
"Product Details","http://ecx.images-amazon.com/images/I/41PHll9Cr1L._SL190_SY246_CR0,0,190,246_.jpg","","113","http://www.amazon.com/s/ref=nb_sb_noss_2?url=search-alias%3Daps&field-keywords=shoes"
"Product Details","http://ecx.images-amazon.com/images/I/41DW+a5QnKL._SL190_SY246_CR0,0,190,246_.jpg","","114","http://www.amazon.com/s/ref=nb_sb_noss_2?url=search-alias%3Daps&field-keywords=shoes"
"Product Details","http://ecx.images-amazon.com/images/I/41qEXgPGraL._SL190_CR0,0,190,246_.jpg","","115","http://www.amazon.com/s/ref=nb_sb_noss_2?url=search-alias%3Daps&field-keywords=shoes"
"Product Details","http://ecx.images-amazon.com/images/I/51-6siB9XYL._SL190_SY246_CR0,0,190,246_.jpg","","116","http://www.amazon.com/s/ref=nb_sb_noss_2?url=search-alias%3Daps&field-keywords=shoes"
"Product Details","http://ecx.images-amazon.com/images/I/41Ai3w-RcfL._SL190_SY246_CR0,0,190,246_.jpg","","117","http://www.amazon.com/s/ref=nb_sb_noss_2?url=search-alias%3Daps&field-keywords=shoes"
"Product Details","http://ecx.images-amazon.com/images/I/31xXrd91GAL._SL190_CR0,0,190,246_.jpg","","118","http://www.amazon.com/s/ref=nb_sb_noss_2?url=search-alias%3Daps&field-keywords=shoes"
"Product Details","http://ecx.images-amazon.com/images/I/41K-c2IUwIL._SL190_CR0,0,190,246_.jpg","","119","http://www.amazon.com/s/ref=nb_sb_noss_2?url=search-alias%3Daps&field-keywords=shoes"
"Product Details","http://ecx.images-amazon.com/images/I/41kLv+qE+vL._SL190_SY246_CR0,0,190,246_.jpg","","120","http://www.amazon.com/s/ref=nb_sb_noss_2?url=search-alias%3Daps&field-keywords=shoes"
"Product Details","http://ecx.images-amazon.com/images/I/41gtZlr+1zL._SL190_SY246_CR0,0,190,246_.jpg","","121","http://www.amazon.com/s/ref=nb_sb_noss_2?url=search-alias%3Daps&field-keywords=shoes"
"Product Details","http://ecx.images-amazon.com/images/I/41gFWyUfsAL._SL190_CR0,0,190,246_.jpg","","122","http://www.amazon.com/s/ref=nb_sb_noss_2?url=search-alias%3Daps&field-keywords=shoes"
"Product Details","http://ecx.images-amazon.com/images/I/41qQ5qz2qFL._SL246_SX190_CR0,0,190,246_.jpg","","123","http://www.amazon.com/s/ref=nb_sb_noss_2?url=search-alias%3Daps&field-keywords=shoes"
"Product Details","http://ecx.images-amazon.com/images/I/412ZR1cNLXL._SL190_SY246_CR0,0,190,246_.jpg","","124","http://www.amazon.com/s/ref=nb_sb_noss_2?url=search-alias%3Daps&field-keywords=shoes"
"Product Details","http://ecx.images-amazon.com/images/I/51p9oESLawL._SL190_CR0,0,190,246_.jpg","","125","http://www.amazon.com/s/ref=nb_sb_noss_2?url=search-alias%3Daps&field-keywords=shoes"
"Product Details","http://ecx.images-amazon.com/images/I/318FbJZDCbL._SL190_SY246_CR0,0,190,246_.jpg","","126","http://www.amazon.com/s/ref=nb_sb_noss_2?url=search-alias%3Daps&field-keywords=shoes"
"Product Details","http://ecx.images-amazon.com/images/I/41H8QnQZz2L._SL190_SY246_CR0,0,190,246_.jpg","","127","http://www.amazon.com/s/ref=nb_sb_noss_2?url=search-alias%3Daps&field-keywords=shoes"
"Product Details","http://ecx.images-amazon.com/images/I/41+SMlcqiDL._SL190_SY246_CR0,0,190,246_.jpg","","128","http://www.amazon.com/s/ref=nb_sb_noss_2?url=search-alias%3Daps&field-keywords=shoes"
"Product Details","http://ecx.images-amazon.com/images/I/411PpUoX5FL._SL190_SY246_CR0,0,190,246_.jpg","","129","http://www.amazon.com/s/ref=nb_sb_noss_2?url=search-alias%3Daps&field-keywords=shoes"
"Product Details","http://ecx.images-amazon.com/images/I/41REHJbWHpL._SL190_SY246_CR0,0,190,246_.jpg","","130","http://www.amazon.com/s/ref=nb_sb_noss_2?url=search-alias%3Daps&field-keywords=shoes"
"Product Details","http://ecx.images-amazon.com/images/I/31LPa07X+UL._SL190_SY246_CR0,0,190,246_.jpg","","131","http://www.amazon.com/s/ref=nb_sb_noss_2?url=search-alias%3Daps&field-keywords=shoes"
"Product Details","http://ecx.images-amazon.com/images/I/31aFyrCylAL._SL190_SY246_CR0,0,190,246_.jpg","","132","http://www.amazon.com/s/ref=nb_sb_noss_2?url=search-alias%3Daps&field-keywords=shoes"
"Product Details","http://ecx.images-amazon.com/images/I/411q7GhcSaL._SL190_SY246_CR0,0,190,246_.jpg","","133","http://www.amazon.com/s/ref=nb_sb_noss_2?url=search-alias%3Daps&field-keywords=shoes"
"Product Details","http://ecx.images-amazon.com/images/I/41BgQoTcE4L._SL190_SY246_CR0,0,190,246_.jpg","","134","http://www.amazon.com/s/ref=nb_sb_noss_2?url=search-alias%3Daps&field-keywords=shoes"
"Product Details","http://ecx.images-amazon.com/images/I/41UYsxZ4rxL._SL190_SY246_CR0,0,190,246_.jpg","","135","http://www.amazon.com/s/ref=nb_sb_noss_2?url=search-alias%3Daps&field-keywords=shoes"
"Product Details","http://ecx.images-amazon.com/images/I/31ZEBkgtsZL._SL190_SY246_CR0,0,190,246_.jpg","","136","http://www.amazon.com/s/ref=nb_sb_noss_2?url=search-alias%3Daps&field-keywords=shoes"
"Product Details","http://ecx.images-amazon.com/images/I/41L3X66bvqL._SL190_SY246_CR0,0,190,246_.jpg","","137","http://www.amazon.com/s/ref=nb_sb_noss_2?url=search-alias%3Daps&field-keywords=shoes"
"Product Details","http://ecx.images-amazon.com/images/I/51+Li-mA5JL._SL190_SY246_CR0,0,190,246_.jpg","","138","http://www.amazon.com/s/ref=nb_sb_noss_2?url=search-alias%3Daps&field-keywords=shoes"
"Product Details","http://ecx.images-amazon.com/images/I/31oNYjsiKTL._SL190_SY246_CR0,0,190,246_.jpg","","139","http://www.amazon.com/s/ref=nb_sb_noss_2?url=search-alias%3Daps&field-keywords=shoes"
"Product Details","http://ecx.images-amazon.com/images/I/412rV5ql+qL._SL190_SY246_CR0,0,190,246_.jpg","","140","http://www.amazon.com/s/ref=nb_sb_noss_2?url=search-alias%3Daps&field-keywords=shoes"
"Product Details","http://ecx.images-amazon.com/images/I/41XLBcXOc3L._SL190_SY246_CR0,0,190,246_.jpg","","141","http://www.amazon.com/s/ref=nb_sb_noss_2?url=search-alias%3Daps&field-keywords=shoes"
"Product Details","http://ecx.images-amazon.com/images/I/41ZWHQkfpZL._SL190_SY246_CR0,0,190,246_.jpg","","142","http://www.amazon.com/s/ref=nb_sb_noss_2?url=search-alias%3Daps&field-keywords=shoes"
"Product Details","http://ecx.images-amazon.com/images/I/41pqXpf4f6L._SL246_SX190_CR0,0,190,246_.jpg","","143","http://www.amazon.com/s/ref=nb_sb_noss_2?url=search-alias%3Daps&field-keywords=pants"
"Product Details","http://ecx.images-amazon.com/images/I/3173PKODPCL._SL246_SX190_CR0,0,190,246_.jpg","","144","http://www.amazon.com/s/ref=nb_sb_noss_2?url=search-alias%3Daps&field-keywords=pants"
"Product Details","http://ecx.images-amazon.com/images/I/41Z8F-TsKZL._SL246_SX190_CR0,0,190,246_.jpg","","145","http://www.amazon.com/s/ref=nb_sb_noss_2?url=search-alias%3Daps&field-keywords=pants"
"Product Details","http://ecx.images-amazon.com/images/I/41dABhM7hRL._SL246_SX190_CR0,0,190,246_.jpg","","146","http://www.amazon.com/s/ref=nb_sb_noss_2?url=search-alias%3Daps&field-keywords=pants"
"Product Details","http://ecx.images-amazon.com/images/I/31v7Y3dKimL._SL246_SX190_CR0,0,190,246_.jpg","","147","http://www.amazon.com/s/ref=nb_sb_noss_2?url=search-alias%3Daps&field-keywords=pants"
"Product Details","http://ecx.images-amazon.com/images/I/41f9lvKGz0L._SL246_SX190_CR0,0,190,246_.jpg","","148","http://www.amazon.com/s/ref=nb_sb_noss_2?url=search-alias%3Daps&field-keywords=pants"
"Product Details","http://ecx.images-amazon.com/images/I/31D8bRkMmIL._SL246_SX190_CR0,0,190,246_.jpg","","149","http://www.amazon.com/s/ref=nb_sb_noss_2?url=search-alias%3Daps&field-keywords=pants"
"Product Details","http://ecx.images-amazon.com/images/I/31H4oSrFpoL._SL246_SX190_CR0,0,190,246_.jpg","","150","http://www.amazon.com/s/ref=nb_sb_noss_2?url=search-alias%3Daps&field-keywords=pants"
"Product Details","http://ecx.images-amazon.com/images/I/41dx44yEzcL._SL246_SX190_CR0,0,190,246_.jpg","","151","http://www.amazon.com/s/ref=nb_sb_noss_2?url=search-alias%3Daps&field-keywords=pants"
"Product Details","http://ecx.images-amazon.com/images/I/41iY9FkKVIL._SL246_SX190_CR0,0,190,246_.jpg","","152","http://www.amazon.com/s/ref=nb_sb_noss_2?url=search-alias%3Daps&field-keywords=pants"
"Product Details","http://ecx.images-amazon.com/images/I/41yXz68ZxpL._SL246_SX190_CR0,0,190,246_.jpg","","153","http://www.amazon.com/s/ref=nb_sb_noss_2?url=search-alias%3Daps&field-keywords=pants"
"Product Details","http://ecx.images-amazon.com/images/I/41rsBtyUNML._SL246_SX190_CR0,0,190,246_.jpg","","154","http://www.amazon.com/s/ref=nb_sb_noss_2?url=search-alias%3Daps&field-keywords=pants"
"Product Details","http://ecx.images-amazon.com/images/I/41TZe-2F2wL._SL246_SX190_CR0,0,190,246_.jpg","","155","http://www.amazon.com/s/ref=nb_sb_noss_2?url=search-alias%3Daps&field-keywords=pants"
"Product Details","http://ecx.images-amazon.com/images/I/51eFZWAP3ML._SL190_CR0,0,190,246_.jpg","","156","http://www.amazon.com/s/ref=nb_sb_noss_2?url=search-alias%3Daps&field-keywords=pants"
"Product Details","http://ecx.images-amazon.com/images/I/41fheHZJlWL._SL246_SX190_CR0,0,190,246_.jpg","","157","http://www.amazon.com/s/ref=nb_sb_noss_2?url=search-alias%3Daps&field-keywords=shirt"
"Product Details","http://ecx.images-amazon.com/images/I/41hWazSgSnL._SL246_SX190_CR0,0,190,246_.jpg","","158","http://www.amazon.com/s/ref=nb_sb_noss_2?url=search-alias%3Daps&field-keywords=shirt"
"Product Details","http://ecx.images-amazon.com/images/I/51iT9sQviSL._SL246_SX190_CR0,0,190,246_.jpg","","159","http://www.amazon.com/s/ref=nb_sb_noss_2?url=search-alias%3Daps&field-keywords=shirt"
"Product Details","http://ecx.images-amazon.com/images/I/41vjEvq2AOL._SL246_SX190_CR0,0,190,246_.jpg","","160","http://www.amazon.com/s/ref=nb_sb_noss_2?url=search-alias%3Daps&field-keywords=shirt"
"Product Details","http://ecx.images-amazon.com/images/I/41CBW5R8c8L._SL246_SX190_CR0,0,190,246_.jpg","","161","http://www.amazon.com/s/ref=nb_sb_noss_2?url=search-alias%3Daps&field-keywords=shirt"
"Product Details","http://ecx.images-amazon.com/images/I/51qh57oSdqL._SL246_SX190_CR0,0,190,246_.jpg","","162","http://www.amazon.com/s/ref=nb_sb_noss_2?url=search-alias%3Daps&field-keywords=shirt"
"Product Details","http://ecx.images-amazon.com/images/I/41WN2%2Bx8AKL._SL246_SX190_CR0,0,190,246_.jpg","","163","http://www.amazon.com/s/ref=nb_sb_noss_2?url=search-alias%3Daps&field-keywords=shirt"
"Product Details","http://ecx.images-amazon.com/images/I/51c8y%2BgoYuL._SL190_SY246_CR0,0,190,246_.jpg","","164","http://www.amazon.com/s/ref=nb_sb_noss_2?url=search-alias%3Daps&field-keywords=shirt"
"Product Details","http://ecx.images-amazon.com/images/I/41GlMPfi7aL._SL190_CR0,0,190,246_.jpg","","165","http://www.amazon.com/s/ref=nb_sb_noss_2?url=search-alias%3Daps&field-keywords=watch"
"Product Details","http://ecx.images-amazon.com/images/I/51zoV-nwaPL._SL190_CR0,0,190,246_.jpg","","166","http://www.amazon.com/s/ref=nb_sb_noss_2?url=search-alias%3Daps&field-keywords=watch"
"Product Details","http://ecx.images-amazon.com/images/I/51M2kp%2BSuGL._SL190_CR0,0,190,246_.jpg","","167","http://www.amazon.com/s/ref=nb_sb_noss_2?url=search-alias%3Daps&field-keywords=watch"
"Product Details","http://ecx.images-amazon.com/images/I/41sjlVPQutL._SL190_CR0,0,190,246_.jpg","","168","http://www.amazon.com/s/ref=nb_sb_noss_2?url=search-alias%3Daps&field-keywords=watch"
"Product Details","http://ecx.images-amazon.com/images/I/51hMdXTLrFL._SL190_CR0,0,190,246_.jpg","","169","http://www.amazon.com/s/ref=nb_sb_noss_2?url=search-alias%3Daps&field-keywords=watch"
"Product Details","http://ecx.images-amazon.com/images/I/51fvxHjXjPL._SL190_CR0,0,190,246_.jpg","","170","http://www.amazon.com/s/ref=nb_sb_noss_2?url=search-alias%3Daps&field-keywords=watch"
"Product Details","http://ecx.images-amazon.com/images/I/51a83p2K-EL._SL190_CR0,0,190,246_.jpg","","171","http://www.amazon.com/s/ref=nb_sb_noss_2?url=search-alias%3Daps&field-keywords=watch"
"Product Details","http://ecx.images-amazon.com/images/I/41NYCgJj2WL._SL246_SX190_CR0,0,190,246_.jpg","","172","http://www.amazon.com/s/ref=nb_sb_noss_2?url=search-alias%3Daps&field-keywords=necklace"
"Product Details","http://ecx.images-amazon.com/images/I/41AFKYIsvqL._SL246_SX190_CR0,0,190,246_.jpg","","173","http://www.amazon.com/s/ref=nb_sb_noss_2?url=search-alias%3Daps&field-keywords=necklace"
"Product Details","http://ecx.images-amazon.com/images/I/41g6xt54F5L._SL246_SX190_CR0,0,190,246_.jpg","","174","http://www.amazon.com/s/ref=nb_sb_noss_2?url=search-alias%3Daps&field-keywords=necklace"
"Product Details","http://ecx.images-amazon.com/images/I/51+60slDpzL._SL246_SX190_CR0,0,190,246_.jpg","","175","http://www.amazon.com/s/ref=nb_sb_noss_2?url=search-alias%3Daps&field-keywords=necklace"
"Product Details","http://ecx.images-amazon.com/images/I/511b8bwrZPL._SL246_SX190_CR0,0,190,246_.jpg","","176","http://www.amazon.com/s/ref=nb_sb_noss_2?url=search-alias%3Daps&field-keywords=necklace"
"Product Details","http://ecx.images-amazon.com/images/I/417Yrdo3a0L._SL246_SX190_CR0,0,190,246_.jpg","","177","http://www.amazon.com/s/ref=nb_sb_noss_2?url=search-alias%3Daps&field-keywords=necklace"
"Product Details","http://ecx.images-amazon.com/images/I/51TbO7da0lL._SL190_SY246_CR0,0,190,246_.jpg","","178","http://www.amazon.com/s/ref=nb_sb_noss_2?url=search-alias%3Daps&field-keywords=necklace"
"Product Details","http://ecx.images-amazon.com/images/I/51SKg1PboLL._SL246_SX190_CR0,0,190,246_.jpg","","179","http://www.amazon.com/s/ref=nb_sb_noss_2?url=search-alias%3Daps&field-keywords=necklace"
"Product Details","http://ecx.images-amazon.com/images/I/41Q8H4PI5ML._SL246_SX190_CR0,0,190,246_.jpg","","180","http://www.amazon.com/s/ref=nb_sb_noss_2?url=search-alias%3Daps&field-keywords=necklace"
"Product Details","http://ecx.images-amazon.com/images/I/41kobFU0R3L._SL246_SX190_CR0,0,190,246_.jpg","","181","http://www.amazon.com/s/ref=nb_sb_noss_2?url=search-alias%3Daps&field-keywords=necklace"
"Product Details","http://ecx.images-amazon.com/images/I/41dguWzZhjL._SL190_CR0,0,190,246_.jpg","","182","http://www.amazon.com/s/ref=nb_sb_noss_2?url=search-alias%3Daps&field-keywords=necklace"
"Product Details","http://ecx.images-amazon.com/images/I/31iwa45cvmL._SL246_SX190_CR0,0,190,246_.jpg","","183","http://www.amazon.com/s/ref=nb_sb_noss_2?url=search-alias%3Daps&field-keywords=necklace"
"Product Details","http://ecx.images-amazon.com/images/I/41UkDl3FpeL._SL190_CR0,0,190,246_.jpg","","184","http://www.amazon.com/s/ref=nb_sb_noss_2?url=search-alias%3Daps&field-keywords=necklace"
"Product Details","http://ecx.images-amazon.com/images/I/31wW7ZR1Y7L._SL246_SX190_CR0,0,190,246_.jpg","","185","http://www.amazon.com/s/ref=nb_sb_noss_2?url=search-alias%3Daps&field-keywords=necklace"
"Product Details","http://ecx.images-amazon.com/images/I/41p3bWeelwL._SL190_SY246_CR0,0,190,246_.jpg","","186","http://www.amazon.com/s/ref=nb_sb_noss_2?url=search-alias%3Daps&field-keywords=necklace"
"Product Details","http://ecx.images-amazon.com/images/I/31d4wPnXP7L._SL246_SX190_CR0,0,190,246_.jpg","","187","http://www.amazon.com/s/ref=nb_sb_noss_2?url=search-alias%3Daps&field-keywords=necklace"
"Product Details","http://ecx.images-amazon.com/images/I/51dkWY4z6YL._SL246_SX190_CR0,0,190,246_.jpg","","188","http://www.amazon.com/s/ref=nb_sb_noss_2?url=search-alias%3Daps&field-keywords=necklace"
"Product Details","http://ecx.images-amazon.com/images/I/41u1dmkUHHL._SL246_SX190_CR0,0,190,246_.jpg","","189","http://www.amazon.com/s/ref=nb_sb_noss_2?url=search-alias%3Daps&field-keywords=necklace"
"Product Details","http://ecx.images-amazon.com/images/I/31quDqvUBDL._SL190_CR0,0,190,246_.jpg","","190","http://www.amazon.com/s/ref=nb_sb_noss_2?url=search-alias%3Daps&field-keywords=necklace"
"Product Details","http://ecx.images-amazon.com/images/I/31NFoly1tdL._SL190_CR0,0,190,246_.jpg","","191","http://www.amazon.com/s/ref=nb_sb_noss_2?url=search-alias%3Daps&field-keywords=necklace"
"Product Details","http://ecx.images-amazon.com/images/I/41snV-3j3ML._SL246_SX190_CR0,0,190,246_.jpg","","192","http://www.amazon.com/s/ref=nb_sb_noss_2?url=search-alias%3Daps&field-keywords=necklace"
"Product Details","http://ecx.images-amazon.com/images/I/31ES0LdWTEL._SL246_SX190_CR0,0,190,246_.jpg","","193","http://www.amazon.com/s/ref=nb_sb_noss_2?url=search-alias%3Daps&field-keywords=necklace"
"Product Details","http://ecx.images-amazon.com/images/I/41iezol2TzL._SL190_CR0,0,190,246_.jpg","","194","http://www.amazon.com/s/ref=nb_sb_noss_2?url=search-alias%3Daps&field-keywords=necklace"
"Product Details","http://ecx.images-amazon.com/images/I/51MfJUA1qwL._SL190_CR0,0,190,246_.jpg","","195","http://www.amazon.com/s/ref=nb_sb_noss_2?url=search-alias%3Daps&field-keywords=sunglasses"
"Product Details","http://ecx.images-amazon.com/images/I/416IwWcC0PL._SL190_CR0,0,190,246_.jpg","","196","http://www.amazon.com/s/ref=nb_sb_noss_2?url=search-alias%3Daps&field-keywords=sunglasses"
"Product Details","http://ecx.images-amazon.com/images/I/41ZIt%2Bin-LL._SL190_CR0,0,190,246_.jpg","","197","http://www.amazon.com/s/ref=nb_sb_noss_2?url=search-alias%3Daps&field-keywords=sunglasses"
"Product Details","http://ecx.images-amazon.com/images/I/310FbpuCujL._SL190_SY246_CR0,0,190,246_.jpg","","198","http://www.amazon.com/s/ref=nb_sb_noss_2?url=search-alias%3Daps&field-keywords=sunglasses"
"Product Details","http://ecx.images-amazon.com/images/I/51YkSeGs73L._SL246_SX190_CR0,0,190,246_.jpg","","199","http://www.amazon.com/s/ref=nb_sb_noss_2?url=search-alias%3Daps&field-keywords=sunglasses"
"Product Details","http://ecx.images-amazon.com/images/I/41nzZKnP5wL._SL190_SY246_CR0,0,190,246_.jpg","","200","http://www.amazon.com/s/ref=nb_sb_noss_2?url=search-alias%3Daps&field-keywords=sunglasses"
"Product Details","http://ecx.images-amazon.com/images/I/31%2BtXhYNT0L._SL190_SY246_CR0,0,190,246_.jpg","","201","http://www.amazon.com/s/ref=nb_sb_noss_2?url=search-alias%3Daps&field-keywords=sunglasses"
"Product Details","http://ecx.images-amazon.com/images/I/41jckcFutQL._SL190_CR0,0,190,246_.jpg","","202","http://www.amazon.com/s/ref=nb_sb_noss_2?url=search-alias%3Daps&field-keywords=sunglasses"
"Product Details","http://ecx.images-amazon.com/images/I/51HNJhVFxcL._SL190_CR0,0,190,246_.jpg","","203","http://www.amazon.com/s/ref=nb_sb_noss_2?url=search-alias%3Daps&field-keywords=sunglasses"
"Product Details","http://ecx.images-amazon.com/images/I/41J0%2B0ZZelL._SL190_CR0,0,190,246_.jpg","","204","http://www.amazon.com/s/ref=nb_sb_noss_2?url=search-alias%3Daps&field-keywords=sunglasses"
"Product Details","http://ecx.images-amazon.com/images/I/31PgGvkwx4L._SL190_SY246_CR0,0,190,246_.jpg","","205","http://www.amazon.com/s/ref=nb_sb_noss_2?url=search-alias%3Daps&field-keywords=sunglasses"
"Product Details","http://ecx.images-amazon.com/images/I/31Kl-Hz5BBL._SL190_SY246_CR0,0,190,246_.jpg","","206","http://www.amazon.com/s/ref=nb_sb_noss_2?url=search-alias%3Daps&field-keywords=sunglasses"
